{"_type":"export","__export_format":4,"__export_date":"2022-04-30T01:01:23.435Z","__export_source":"insomnia.desktop.app:v7.1.1","resources":[{"_id":"req_90cc79cad06147ffbd7837865564eff9","authentication":{},"body":{"mimeType":"multipart/form-data","params":[{"description":"","id":"pair_cd4f4acd5acf4fdbad3fad368cd2a83a","name":"id_tipo_usuario","value":"1"},{"description":"","id":"pair_885cfea4aab34c9d9f9a1f4939c85586","name":"matricula","value":"147632"},{"description":"","id":"pair_3e569ce6adca4403a632c6c57df27115","name":"nombre","value":"Pedro Infanti"},{"description":"","id":"pair_0076a8e022b34488b1bc42950a4ef124","name":"correo","value":"bbb@hotmail.com"},{"description":"","id":"pair_0bcc659323ff4338918122d60b75e0ec","name":"contacto_covid","value":"0"},{"description":"","id":"pair_182feeda6094479ebaba51107291d028","name":"vacunado","value":"2"},{"description":"","id":"pair_52deb60658a54930beca2e1746381741","name":"sintomas[]","value":"4"},{"description":"","id":"pair_be9fcecc786c4a3588a4ac68958c5756","name":"sintomas[]","value":"6"}]},"created":1651275231235,"description":"","headers":[{"id":"pair_99f4e47286df4476b6912894cd8d7cec","name":"Content-Type","value":"multipart/form-data"}],"isPrivate":false,"metaSortKey":-1651275231235,"method":"POST","modified":1651280110041,"name":"Capturar respuesta encuesta","parameters":[],"parentId":"wrk_c417ae778ad14f5389daa89efd7f4a62","settingDisableRenderRequestBody":false,"settingEncodeUrl":true,"settingFollowRedirects":"global","settingRebuildPath":true,"settingSendCookies":true,"settingStoreCookies":true,"url":"http://localhost:8000/api/capturas","_type":"request"},{"_id":"wrk_c417ae778ad14f5389daa89efd7f4a62","created":1651275201589,"description":"","modified":1651275201589,"name":"Covid","parentId":null,"_type":"workspace"},{"_id":"env_39b3cea08697b46cdd743e2bad5a7cf64f673d21","color":null,"created":1651275201639,"data":{},"dataPropertyOrder":null,"isPrivate":false,"metaSortKey":1651275201639,"modified":1651275201639,"name":"Base Environment","parentId":"wrk_c417ae778ad14f5389daa89efd7f4a62","_type":"environment"},{"_id":"jar_39b3cea08697b46cdd743e2bad5a7cf64f673d21","cookies":[],"created":1651275201641,"modified":1651275201641,"name":"Default Jar","parentId":"wrk_c417ae778ad14f5389daa89efd7f4a62","_type":"cookie_jar"}]}